"","row","baseMean","log2FoldChange","lfcSE","stat","pvalue","padj","symbol","entrez","name","Soil"
"1","ENSMUSG00000101111",18.5999775631298,-1.82853055645389,0.549248384098274,-3.32915054353027,0.000871113049901817,0.0317990831192334,NA,NA,NA,"Pine"
"2","ENSMUSG00000100862",35.4913652684394,-1.50580236261506,0.387064726644329,-3.890311513709,0.000100115616255109,0.00713925235605234,NA,NA,NA,"Pine"
"3","ENSMUSG00000096992",27.4272804468273,-1.52753336721031,0.548797505872781,-2.78341893114292,0.00537893029331213,0.0994037827554442,NA,NA,NA,"Pine"
"4","ENSMUSG00000101462",25.690211494707,-1.03589609935631,0.356807862833718,-2.90323226379981,0.00369332614384601,0.077897758989504,NA,NA,NA,"Pine"
"5","ENSMUSG00000026077",160.069339197583,-1.91381725213482,0.307199664927848,-6.22988066274198,4.66790612416072e-10,5.36750855451931e-07,"Npas2","18143","neuronal PAS domain protein 2","Pine"
"6","ENSMUSG00000026073",42.6383458310453,2.26642779583331,0.49218563284985,4.60482314916479,4.12816527242193e-06,0.000646779628654315,"Il1r2","16178","interleukin 1 receptor, type II","Pine"
"7","ENSMUSG00000026068",273.682425694092,1.22123704050015,0.185166895322566,6.59533140830992,4.24306960431581e-11,6.50533288168353e-08,"Il18rap","16174","interleukin 18 receptor accessory protein","Pine"
"8","ENSMUSG00000102776",29.1797514770124,1.31380086925154,0.325471618113527,4.0366065614768,5.4229899659604e-05,0.00464056601831346,NA,NA,NA,"Pine"
"9","ENSMUSG00000061815",49.7164152914415,1.04809812043763,0.360076909887534,2.91076181687128,0.00360548751945353,0.0762457004401219,"Rufy4","435626","RUN and FYVE domain containing 4","Pine"
"10","ENSMUSG00000026180",361.986121116025,2.62747938323122,0.341439107972725,7.69530883217135,1.41152822890166e-14,6.4923240888332e-11,"Cxcr2","12765","chemokine (C-X-C motif) receptor 2","Pine"
"11","ENSMUSG00000103591",14.8897319311862,-1.22960188647135,0.425934667668223,-2.88683213602405,0.00389141784301249,0.0806242178780899,NA,NA,NA,"Pine"
"12","ENSMUSG00000055866",1995.98105341331,1.00946321456466,0.233324538445834,4.32643399313529,1.51542703425457e-05,0.00166951057342609,"Per2","18627","period circadian clock 2","Pine"
"13","ENSMUSG00000042474",178.594576730728,1.042238961202,0.338336191401262,3.08048322257645,0.00206664997605862,0.0535524313514458,"Fcmr","69169","Fc fragment of IgM receptor","Pine"
"14","ENSMUSG00000033849",47.1799898163804,1.70570809667227,0.553078934143457,3.08402289686528,0.00204221877332308,0.0530688432084717,"B3galt2","26878","UDP-Gal:betaGlcNAc beta 1,3-galactosyltransferase, polypeptide 2","Pine"
"15","ENSMUSG00000103325",10.6717845918041,1.93186849670526,0.605228974201479,3.19196300747847,0.00141309429240466,0.0435502681175414,NA,NA,NA,"Pine"
"16","ENSMUSG00000026581",767.301263616197,1.78808678824716,0.253285303848798,7.05957574749217,1.67011717989663e-12,3.84085198446727e-09,"Sell","20343","selectin, lymphocyte","Pine"
"17","ENSMUSG00000073492",29.1820710054073,1.69590144087518,0.361489002390708,4.69143301638315,2.71298095672235e-06,0.000470881355111111,NA,NA,NA,"Pine"
"18","ENSMUSG00000044103",57.1330098726473,2.68464860395606,0.463773278117192,5.78870911850525,7.09294051484044e-09,4.49985929627705e-06,"Il1f9","215257","interleukin 1 family, member 9","Pine"
"19","ENSMUSG00000036067",60.5057604976323,1.55409951718658,0.426899079947152,3.64043772916767,0.000272174929452846,0.013832802077551,"Slc2a6","227659","solute carrier family 2 (facilitated glucose transporter), member 6","Pine"
"20","ENSMUSG00000036053",1392.29215867817,1.00119697429478,0.262461133173064,3.81464852410966,0.000136376895694638,0.00871649729341331,"Fmnl2","71409","formin-like 2","Pine"
"21","ENSMUSG00000027068",44.9328425082915,1.30889555487907,0.383143977799829,3.41619764558296,0.000635021388872343,0.0254534281317502,"Dhrs9","241452","dehydrogenase/reductase (SDR family) member 9","Pine"
"22","ENSMUSG00000059173",75.5403994351386,1.08641819010463,0.359042588781999,3.02587554805169,0.00247914320779151,0.0595831352214803,"Pde1a","18573","phosphodiesterase 1A, calmodulin-dependent","Pine"
"23","ENSMUSG00000027219",40.9729075357774,1.72187681150416,0.302205311358349,5.69770532412116,1.21430696955275e-08,6.57082930171512e-06,"Slc28a2","269346","solute carrier family 28 (sodium-coupled nucleoside transporter), member 2","Pine"
"24","ENSMUSG00000027398",346.749095795052,2.32411407679587,0.294953207513724,7.87960265422011,3.28423783246811e-15,2.01411358805828e-11,"Il1b","16176","interleukin 1 beta","Pine"
"25","ENSMUSG00000017737",351.634921814048,1.40976226696384,0.324370960396551,4.34614203824032,1.3855286780479e-05,0.00154490646174092,"Mmp9","17395","matrix metallopeptidase 9","Pine"
"26","ENSMUSG00000050600",69.3145482087102,1.01251469624394,0.252551985322189,4.00913378270316,6.09418850616911e-05,0.00509640364256815,"Zfp831","100043757","zinc finger protein 831","Pine"
"27","ENSMUSG00000060445",32.4441179565609,1.9686320887733,0.436048382702359,4.51471021764358,6.34034022953006e-06,0.000815731325474784,"Sycp2","320558","synaptonemal complex protein 2","Pine"
"28","ENSMUSG00000085891",11.1762942493645,1.51845225606236,0.542134365670829,2.80087807048248,0.00509637708791131,0.0958723370791333,"Gm14634","552913","predicted gene 14634","Pine"
"29","ENSMUSG00000065503",8.88616794549697,-1.83855916892111,0.63017367711304,-2.91754358472087,0.00352800339147886,0.0752122901464983,"Mir351","723910","microRNA 351","Pine"
"30","ENSMUSG00000078122",206.451392517635,1.46537937441009,0.24370927079257,6.01281752493253,1.8232623322513e-09,1.39768251619831e-06,"F630028O10Rik","100038363","RIKEN cDNA F630028O10 gene","Pine"
"31","ENSMUSG00000033777",202.83711850701,1.2888709028526,0.285587967444943,4.51304343941266,6.39039270660887e-06,0.000816461423723541,"Tlr13","279572","toll-like receptor 13","Pine"
"32","ENSMUSG00000054293",69.3053217759464,1.06028907381663,0.337748696809608,3.13928398194331,0.0016936123173388,0.0485644386583194,"P2ry10b","213438","purinergic receptor P2Y, G-protein coupled 10B","Pine"
"33","ENSMUSG00000048621",27.3103236298869,1.03533829858167,0.365484664040316,2.83278178388208,0.00461448751804273,0.0899778585502227,"Gm6377","622976","predicted gene 6377","Pine"
"34","ENSMUSG00000067276",27.8646267864434,-1.01663162156962,0.348772309659649,-2.91488628372391,0.00355818166687661,0.075680261626816,"Capn6","12338","calpain 6","Pine"
"35","ENSMUSG00000095788",71.4104302439097,1.28853141119103,0.346421804862899,3.71954476624526,0.000199582172850341,0.011656866082859,"Sirpb1a","320832","signal-regulatory protein beta 1A","Pine"
"36","ENSMUSG00000078780",53.4273739868445,1.10908855692195,0.327739616000074,3.38405399523537,0.000714239555136174,0.0276062591079734,"Gm5150","381484","predicted gene 5150","Pine"
"37","ENSMUSG00000036362",76.4723855405727,1.00887735045723,0.269628885415483,3.74172577579219,0.000182760881102224,0.0109883486618259,"P2ry13","74191","purinergic receptor P2Y, G-protein coupled 13","Pine"
"38","ENSMUSG00000049404",47.3465519632497,1.29185890497665,0.369608600008473,3.49520791709672,0.000473692596270269,0.0208492736511493,"Rarres1","109222","retinoic acid receptor responder (tazarotene induced) 1","Pine"
"39","ENSMUSG00000028068",55.6592731350637,-1.33018067294369,0.302942176078113,-4.39087316980487,1.12896381203099e-05,0.00134004362669331,"Iqgap3","404710","IQ motif containing GTPase activating protein 3","Pine"
"40","ENSMUSG00000074480",88.9263058753496,-1.08437477993851,0.199475504265395,-5.43613003477254,5.44502240641727e-08,2.27676186893784e-05,"Mex3a","72640","mex3 RNA binding family member A","Pine"
"41","ENSMUSG00000056054",1200.57892629575,3.25142983891131,0.462425308763493,7.03125407994106,2.04685376048881e-12,4.18422394283034e-09,"S100a8","20201","S100 calcium binding protein A8 (calgranulin A)","Pine"
"42","ENSMUSG00000056071",2089.22993888122,3.03723349591474,0.434517174669142,6.98990436506314,2.75073685500076e-12,5.0608056658304e-09,"S100a9","20202","S100 calcium binding protein A9 (calgranulin B)","Pine"
"43","ENSMUSG00000086564",67.4572452480573,1.27288767226294,0.299771390310463,4.24619464500816,2.17431760144681e-05,0.00219797226546255,"Cd101","630146","CD101 antigen","Pine"
"44","ENSMUSG00000104554",46.9944089935604,1.03995004519022,0.348549660081561,2.98364957506162,0.00284832779207642,0.0651684576421319,"Gm4610","100043726","predicted gene 4610","Pine"
"45","ENSMUSG00000074206",34.205376710428,-1.56950548914002,0.510089343005197,-3.07692272081839,0.00209149515901646,0.0539682018731905,"Adh6b","100417514","alcohol dehydrogenase 6B (class V)","Pine"
"46","ENSMUSG00000080772",8.66413270133667,-1.86533871722129,0.643711461542509,-2.89778701897186,0.00375805698154507,0.0787479867271824,NA,NA,NA,"Pine"
"47","ENSMUSG00000028362",36.2262458864079,1.02370346280517,0.304793793732827,3.35867555000977,0.000783169594800533,0.0295867642816021,"Tnfsf8","21949","tumor necrosis factor (ligand) superfamily, member 8","Pine"
"48","ENSMUSG00000043383",55.5478140226013,1.14757635801469,0.3023525784178,3.79549056277251,0.000147351800537325,0.00921971690585185,"Olfr1342","258708","olfactory receptor 1342","Pine"
"49","ENSMUSG00000028859",944.308280614748,2.30459396040121,0.304117838861972,7.57796375584264,3.51020421555181e-14,1.29161474315444e-10,"Csf3r","12986","colony stimulating factor 3 receptor (granulocyte)","Pine"
"50","ENSMUSG00000050493",55.0906529149575,-1.02923372976438,0.251567816961325,-4.09127742251152,4.29003563427615e-05,0.00383145998055401,"Fam167b","230766","family with sequence similarity 167, member B","Pine"
"51","ENSMUSG00000070720",381.77421350819,1.06950933167815,0.288814942457482,3.70309556208503,0.000212984607081587,0.0120018603061783,"Tmem200b","623230","transmembrane protein 200B","Pine"
"52","ENSMUSG00000050511",12.2266678880387,1.59820259396311,0.548193544449023,2.91539842113505,0.00355234725054436,0.0756436165688832,"Oprd1","18386","opioid receptor, delta 1","Pine"
"53","ENSMUSG00000028874",405.034651417635,1.48818131523831,0.242498843760676,6.13685942645981,8.41688016845942e-10,8.62336281088363e-07,"Fgr","14191","FGR proto-oncogene, Src family tyrosine kinase","Pine"
"54","ENSMUSG00000086806",20.6715140342644,-2.3352649886865,0.751036396107281,-3.10938990545662,0.00187474137632466,0.0510347660377658,NA,NA,NA,"Pine"
"55","ENSMUSG00000028957",2745.15310539998,1.1344509322404,0.239643639052845,4.73390796736413,2.20237620131583e-06,0.000401181359918897,"Per3","18628","period circadian clock 3","Pine"
"56","ENSMUSG00000037379",359.26967062227,-1.81198123942263,0.299322756349748,-6.05360334616655,1.41641129804706e-09,1.18450613915772e-06,"Spon2","100689","spondin 2, extracellular matrix protein","Pine"
"57","ENSMUSG00000107134",200.324714986109,1.03088757532976,0.194298715385115,5.30568394796878,1.12251304323237e-07,3.92572192969461e-05,NA,NA,NA,"Pine"
"58","ENSMUSG00000104547",36.2577645027258,-1.30058827948687,0.428418732676911,-3.03578760751271,0.00239908295160241,0.0586166376408779,NA,NA,NA,"Pine"
"59","ENSMUSG00000104912",20.2892242130786,-1.44335763189065,0.452255654096116,-3.19146398462472,0.00141553757660016,0.0435502681175414,NA,NA,NA,"Pine"
"60","ENSMUSG00000105136",78.7635810775092,-1.36860711609364,0.45777301972147,-2.98970681349102,0.00279245337010657,0.0642551525679161,NA,NA,NA,"Pine"
"61","ENSMUSG00000104990",10.5604491505779,-1.69656288404075,0.563833105034364,-3.00898061659105,0.00262125838897631,0.0614342825992179,NA,NA,NA,"Pine"
"62","ENSMUSG00000044827",160.375032816823,1.00828966502672,0.192912472578975,5.22666912899548,1.72590946772266e-07,5.38164554532686e-05,"Tlr1","21897","toll-like receptor 1","Pine"
"63","ENSMUSG00000051498",164.098244744804,1.02737061792417,0.170715698980515,6.0180207447789,1.76562571244027e-09,1.39768251619831e-06,"Tlr6","21899","toll-like receptor 6","Pine"
"64","ENSMUSG00000106957",3797.9178983925,-1.00410664648532,0.194197508637077,-5.17054339951305,2.33414255271374e-07,6.50659919467082e-05,NA,NA,NA,"Pine"
"65","ENSMUSG00000029378",88.9014344561809,-1.09578693327772,0.344058741851145,-3.18488327714634,0.00144812404659384,0.0441833933818133,"Areg","11839","amphiregulin","Pine"
"66","ENSMUSG00000034687",411.068944870063,-1.06281765360532,0.214987199059727,-4.943632263938,7.66802842579748e-07,0.000169971550575689,"Fras1","231470","Fraser extracellular matrix complex subunit 1","Pine"
"67","ENSMUSG00000104576",34.0038045710498,-1.12529724036049,0.402653838902567,-2.79470138277456,0.00519476749012019,0.0971273702065359,NA,NA,NA,"Pine"
"68","ENSMUSG00000032661",65.6953490523279,2.24970608440121,0.366761415135363,6.13397699856429,8.57089161065659e-10,8.62336281088363e-07,"Oas3","246727","2'-5' oligoadenylate synthetase 3","Pine"
"69","ENSMUSG00000105434",74.8006583679677,-1.20943640164677,0.329684867998197,-3.66846197397627,0.000244013977499727,0.0129278983447229,NA,NA,NA,"Pine"
"70","ENSMUSG00000004951",3869.6602403358,1.80509046380402,0.519698297563344,3.47334303819613,0.000514017920493961,0.0220989755637124,"Hspb1","15507","heat shock protein 1","Pine"
"71","ENSMUSG00000046245",170.197961486313,1.0101841650282,0.251825660340978,4.01144253393553,6.03488676355303e-05,0.00506985601259583,"Pilra","231805","paired immunoglobin-like type 2 receptor alpha","Pine"
"72","ENSMUSG00000066682",32.6158955261477,1.39319854345526,0.386335688023089,3.60618650216958,0.000310729849288865,0.0153677628150982,"Pilrb2","545812","paired immunoglobin-like type 2 receptor beta 2","Pine"
"73","ENSMUSG00000044092",95.9448033403489,1.19200251523834,0.259298435502234,4.5970293377573,4.28557294985121e-06,0.000646779628654315,"C130050O18Rik","319772","RIKEN cDNA C130050O18 gene","Pine"
"74","ENSMUSG00000052271",58.9272134027691,-1.11436395954214,0.282620305011546,-3.94297203626827,8.04780421802095e-05,0.00616931258346456,"Bhlha15","17341","basic helix-loop-helix family, member a15","Pine"
"75","ENSMUSG00000029641",616.410770614696,-1.07600517822989,0.186722181863129,-5.76259964131431,8.28281130250840e-09,5.07957207811832e-06,"Rasl11a","68895","RAS-like, family 11, member A","Pine"
"76","ENSMUSG00000059201",15.0549097546362,3.33475773029603,0.857570113400312,3.88861234572825,0.000100818999965719,0.00716165236049922,"Lep","16846","leptin","Pine"
"77","ENSMUSG00000068587",19.2255750015049,2.61977138381472,0.557284016913305,4.70096271255932,2.58937799368643e-06,0.000467052709096499,"Mgam","232714","maltase-glucoamylase","Pine"
"78","ENSMUSG00000029821",26.393081166374,1.68708630547943,0.454853020913307,3.70908013778143,0.000208013588341174,0.0118851987524873,"Gsdme","54722","gasdermin E","Pine"
"79","ENSMUSG00000076534",9.17215160980891,2.75323603128977,0.774728196089269,3.5538089941579,0.000379694868343144,0.0178660516311436,NA,NA,NA,"Pine"
"80","ENSMUSG00000076545",8.17779064081145,1.79660853336725,0.629594401783469,2.85359674145442,0.00432273641544258,0.0863514707614686,NA,NA,NA,"Pine"
"81","ENSMUSG00000096422",19.2340399402502,1.90230295844138,0.546694932738696,3.47964256575728,0.000502083152790218,0.0217861458609303,NA,NA,NA,"Pine"
"82","ENSMUSG00000094433",11.295971650814,1.56719872366218,0.500831685624763,3.12919243858777,0.00175287468935769,0.0496649848725544,NA,NA,NA,"Pine"
"83","ENSMUSG00000033508",51.7131261941712,2.75985752174135,0.416049555040868,6.63348269047,3.27857439690141e-11,5.48356470492657e-08,"Asprv1","67855","aspartic peptidase, retroviral-like 1","Pine"
"84","ENSMUSG00000108152",9.60665561284102,-1.69449123285218,0.592256402031295,-2.86107710620011,0.00422204354115951,0.0854640411064355,NA,NA,NA,"Pine"
"85","ENSMUSG00000005364",15.8503616066258,1.69202731292427,0.487594450761834,3.47015293197161,0.000520162103568393,0.0220989755637124,"Il5ra","16192","interleukin 5 receptor, alpha","Pine"
"86","ENSMUSG00000090192",12.2114466945034,1.80466150308568,0.580485206025352,3.10888457509952,0.001877950679833,0.0510347660377658,NA,NA,NA,"Pine"
"87","ENSMUSG00000030144",139.833489336332,1.90509443316629,0.332996650748773,5.72106184516424,1.05860351911322e-08,6.05324734097862e-06,"Clec4d","17474","C-type lectin domain family 4, member d","Pine"
"88","ENSMUSG00000030142",64.4905819182728,2.35665026100523,0.461336712149907,5.1083085281092,3.25055571581329e-07,8.42305972669477e-05,"Clec4e","56619","C-type lectin domain family 4, member e","Pine"
"89","ENSMUSG00000014543",23.9795842748467,1.87410897673259,0.49591953964417,3.77905855066186,0.000157422409177914,0.0097116643506655,"Klra17","170733","killer cell lectin-like receptor, subfamily A, member 17","Pine"
"90","ENSMUSG00000030187",118.500627058667,1.08660246535826,0.241094894128691,4.50694930427792,6.57663385876929e-06,0.000828745957079709,"Klra2","16633","killer cell lectin-like receptor, subfamily A, member 2","Pine"
"91","ENSMUSG00000030256",496.926472446872,1.37194553158498,0.187148379279798,7.33079034328072,2.28799363541011e-13,6.01350098632503e-10,"Bhlhe41","79362","basic helix-loop-helix family, member e41","Pine"
"92","ENSMUSG00000053338",9.20428527443729,2.96188354614192,0.844950901981247,3.50539130640239,0.000455936627074686,0.0203600050119419,"Tarm1","245126","T cell-interacting, activating receptor on myeloid cells 1","Pine"
"93","ENSMUSG00000074417",36.3288887064555,1.78505462601854,0.359492396301496,4.96548645919472,6.85290746597579e-07,0.000159787277386655,"Pira11","18724","paired-Ig-like receptor A11","Pine"
"94","ENSMUSG00000030427",103.346279964838,1.02540088042616,0.269271046018909,3.8080621573927,0.000140060071874434,0.00888560414602012,"Lilra6","18726","leukocyte immunoglobulin-like receptor, subfamily A (with TM domain), member 6","Pine"
"95","ENSMUSG00000003545",104.27857718057,1.21001649153282,0.401298431763325,3.01525347661077,0.00256764574127077,0.0607973569471037,"Fosb","14282","FBJ osteosarcoma oncogene B","Pine"
"96","ENSMUSG00000040907",125.595220620925,1.45550498146327,0.333986810782168,4.3579714362211,1.31273511160072e-05,0.00148169942228405,"Atp1a3","232975","ATPase, Na+/K+ transporting, alpha 3 polypeptide","Pine"
"97","ENSMUSG00000004609",584.747146807516,1.15230994546129,0.219112302934133,5.25899244374095,1.44846840939206e-07,4.75873603499914e-05,"Cd33","12489","CD33 antigen","Pine"
"98","ENSMUSG00000030474",101.049424651243,1.41460435930623,0.312133125207305,4.53205457884903,5.84127519692898e-06,0.000779064891527428,"Siglece","83382","sialic acid binding Ig-like lectin E","Pine"
"99","ENSMUSG00000109111",9.44160879159016,-1.67062644447511,0.571714523471349,-2.92213399500744,0.00347641943715745,0.0741985670589592,NA,NA,NA,"Pine"
"100","ENSMUSG00000059824",2309.05568708925,1.95747740450575,0.545926771351826,3.58560434700544,0.000336298499295435,0.0163683063228503,"Dbp","13170","D site albumin promoter binding protein","Pine"
"101","ENSMUSG00000030854",34.6849988917045,-1.40721538807882,0.443751248438033,-3.17118068519716,0.00151820678267317,0.0454918051915651,"Ptpn5","19259","protein tyrosine phosphatase, non-receptor type 5","Pine"
"102","ENSMUSG00000108560",13.8337932771927,-1.55552013993887,0.522807473621658,-2.97532116203939,0.0029268195077374,0.0664785497572255,NA,NA,NA,"Pine"
"103","ENSMUSG00000038663",179.158657430826,-1.03489757783718,0.365349359726691,-2.83262458325195,0.00461675717313894,0.0899778585502227,"Fsd2","244091","fibronectin type III and SPRY domain containing 2","Pine"
"104","ENSMUSG00000108825",58.762989063418,1.03990147904472,0.272042623301457,3.82256819326572,0.000132068937937677,0.00855564901470907,NA,NA,NA,"Pine"
"105","ENSMUSG00000030747",266.681177382374,1.43773201556677,0.279405350509828,5.14568533832068,2.66545889621107e-07,7.31927056305841e-05,"Dgat2","67800","diacylglycerol O-acyltransferase 2","Pine"
"106","ENSMUSG00000109656",9.41060004950951,2.31936967432372,0.645348211754631,3.59398171727726,0.000325662698616592,0.0160201666554761,NA,NA,NA,"Pine"
"107","ENSMUSG00000052749",74.8749860491036,2.52043912149849,0.402470973087534,6.26241217388443,3.79067381097941e-10,4.64938778495994e-07,"Trim30b","244183","tripartite motif-containing 30B","Pine"
"108","ENSMUSG00000073902",13.9972443185341,1.67642251139511,0.477548209543663,3.51047805832436,0.000447301721771645,0.0200898666559449,NA,NA,NA,"Pine"
"109","ENSMUSG00000030790",192.454600555137,-1.21370316863973,0.314673898175487,-3.85701888741617,0.000114778296581455,0.00777288628846386,"Adm","11535","adrenomedullin","Pine"
"110","ENSMUSG00000055116",374.969627580669,-1.34885740101229,0.314928433834606,-4.28306007364417,1.84340374936715e-05,0.00192698535118504,"Arntl","11865","aryl hydrocarbon receptor nuclear translocator-like","Pine"
"111","ENSMUSG00000030954",14.7254272034608,2.34739452912447,0.700625728331166,3.35042581824075,0.000806874181045349,0.0302339535292715,"Gp2","67133","glycoprotein 2 (zymogen granule membrane)","Pine"
"112","ENSMUSG00000110167",33.538043035683,-1.02304298985127,0.333453533253408,-3.06802264132498,0.00215480291208259,0.0548327302579468,NA,NA,NA,"Pine"
"113","ENSMUSG00000059108",77.3351876251148,2.01439337808078,0.4039727679062,4.98645834104467,6.1496158688992e-07,0.000147845465392068,"Ifitm6","213002","interferon induced transmembrane protein 6","Pine"
"114","ENSMUSG00000040675",165.523335645384,1.20358992485514,0.257504322877504,4.67405716302361,2.95307079514107e-06,0.000507762584009397,"Mthfd1l","270685","methylenetetrahydrofolate dehydrogenase (NADP+ dependent) 1-like","Pine"
"115","ENSMUSG00000039981",93.8018893269963,1.24722947437633,0.240455682911001,5.1869411414076,2.13776257758382e-07,6.14539935974799e-05,"Zc3h12d","237256","zinc finger CCCH type containing 12D","Pine"
"116","ENSMUSG00000111131",25.0726067455781,-1.08186100448606,0.36708468564437,-2.94717008579911,0.00320696755356545,0.0704919821391843,NA,NA,NA,"Pine"
"117","ENSMUSG00000112023",272.610478005209,1.7947987054955,0.316496850319412,5.67082643534735,1.42110313760864e-08,7.26262653492324e-06,"Lilr4b","14727","leukocyte immunoglobulin-like receptor, subfamily B, member 4B","Pine"
"118","ENSMUSG00000112148",244.376664459646,1.38819106347178,0.265755310680923,5.22356847701343,1.75507518599637e-07,5.38164554532686e-05,"Lilrb4a","14728","leukocyte immunoglobulin-like receptor, subfamily B, member 4A","Pine"
"119","ENSMUSG00000020108",1051.00774390307,-1.02986206108211,0.187388634750212,-5.49586191529123,3.88806663453116e-08,1.70315833195487e-05,"Ddit4","74747","DNA-damage-inducible transcript 4","Pine"
"120","ENSMUSG00000057337",1072.68682607375,1.00335238740037,0.272790778594804,3.67810228985315,0.000234975729343322,0.0128273036428465,"Chst3","53374","carbohydrate sulfotransferase 3","Pine"
"121","ENSMUSG00000009292",120.337015772937,2.27110615514417,0.276659019366377,8.20904433314917,2.22955904986061e-16,2.05097136996677e-12,"Trpm2","28240","transient receptor potential cation channel, subfamily M, member 2","Pine"
"122","ENSMUSG00000112907",36.3313554427677,1.15958137532847,0.33604858670035,3.45063607234407,0.000559267157889496,0.0232791791195723,NA,NA,NA,"Pine"
"123","ENSMUSG00000090665",73.7188570632812,1.6946857648312,0.276783377526568,6.12278735802526,9.19523756196914e-10,8.62336281088363e-07,NA,NA,NA,"Pine"
"124","ENSMUSG00000005540",250.960665004583,1.17760486653579,0.296748154074383,3.96836458918837,7.23675590840915e-05,0.0057519265877314,"Fcer2a","14128","Fc receptor, IgE, low affinity II, alpha polypeptide","Pine"
"125","ENSMUSG00000031530",332.808520647095,1.12127574807784,0.255531083721515,4.38802094738439,1.14386760960526e-05,0.00134609003003388,"Dusp4","319520","dual specificity phosphatase 4","Pine"
"126","ENSMUSG00000031849",27.7181315966318,-2.11073904836956,0.669894165468882,-3.15085450384865,0.00162793563828889,0.047194673265185,"Comp","12845","cartilage oligomeric matrix protein","Pine"
"127","ENSMUSG00000003484",137.387181287486,1.80640984993562,0.307433168766151,5.87578060358759,4.208554126864e-09,2.86773995652014e-06,"Cyp4f18","72054","cytochrome P450, family 4, subfamily f, polypeptide 18","Pine"
"128","ENSMUSG00000034472",90.2244806731527,1.06611121410131,0.225130833079969,4.73551845172012,2.18495824044897e-06,0.000401181359918897,"Rasd2","75141","RASD family, member 2","Pine"
"129","ENSMUSG00000031710",24.4394119794631,4.92072911241885,1.34024771508625,3.67150718261228,0.000241124300422082,0.0128859131843945,"Ucp1","22227","uncoupling protein 1 (mitochondrial, proton carrier)","Pine"
"130","ENSMUSG00000025316",931.680497070901,-1.09161898221789,0.205797874195456,-5.30432584148624,1.13090152339284e-07,3.92572192969461e-05,"Banp","53325","BTG3 associated nuclear protein","Pine"
"131","ENSMUSG00000031972",40.1533721103154,2.45740450728291,0.814619766646981,3.01662764383648,0.00255603577691543,0.060611672710263,"Acta1","11459","actin, alpha 1, skeletal muscle","Pine"
"132","ENSMUSG00000115801",73.2500907739161,1.94975920757723,0.429314873690723,4.54155988311234,5.58395197032932e-06,0.000766668271269543,NA,NA,NA,"Pine"
"133","ENSMUSG00000115555",27.1958126446255,-1.45671824524255,0.484664584996658,-3.00562139330358,0.00265038778462468,0.061802071560868,NA,NA,NA,"Pine"
"134","ENSMUSG00000022219",26.0862283254682,-1.28002079952654,0.357202522667576,-3.58345957348619,0.00033907326266618,0.0164598150040432,"Cideb","12684","cell death-inducing DNA fragmentation factor, alpha subunit-like effector B","Pine"
"135","ENSMUSG00000021986",11.4867397935997,2.23607457138472,0.576987409633739,3.8754304410284,0.000106436382285748,0.0073617163958391,"Amer2","72125","APC membrane recruitment 2","Pine"
"136","ENSMUSG00000022026",26.2462137419766,1.98250399787001,0.451172942412792,4.39411101930876,1.11226966669658e-05,0.00132974369174156,"Olfm4","380924","olfactomedin 4","Pine"
"137","ENSMUSG00000115816",16.4386986714604,1.93396703480662,0.493542488849817,3.91854212858889,8.90861603561669e-05,0.006630078556418,"Gm34589","102637893","predicted gene, 34589","Pine"
"138","ENSMUSG00000022126",15.1651996973996,4.26028679819437,0.92817117764655,4.58997962961601,4.43289268953966e-06,0.000658907210985547,"Acod1","16365","aconitate decarboxylase 1","Pine"
"139","ENSMUSG00000005800",204.21042020652,3.56833634798592,0.601517650307594,5.93222218194462,2.98861815690175e-09,2.11479218656455e-06,"Mmp8","17394","matrix metallopeptidase 8","Pine"
"140","ENSMUSG00000078117",32.2237130715607,1.21269801023229,0.401301328491497,3.02191376936343,0.0025118209077564,0.0598607267628268,NA,NA,NA,"Pine"
"141","ENSMUSG00000109564",813.467440193723,-1.00633331084065,0.291514363311826,-3.45208825873254,0.000556265740137076,0.0232067507642674,"Muc16","73732","mucin 16","Pine"
"142","ENSMUSG00000057191",224.01986351056,1.16461243847948,0.217996305785009,5.34234942324221,9.17495775219165e-08,3.37601745449644e-05,"AB124611","382062","cDNA sequence AB124611","Pine"
"143","ENSMUSG00000111167",30.4981511261771,1.48174062251934,0.398708375392873,3.71635188515739,0.000202120037830211,0.011705417427972,NA,NA,NA,"Pine"
"144","ENSMUSG00000110997",27.0299134780937,1.22731784429591,0.386004887818432,3.17953964581198,0.0014750918945209,0.044532408707943,NA,NA,NA,"Pine"
"145","ENSMUSG00000032204",31.5342805763769,1.22623381451659,0.305421575737118,4.01488929378071,5.94737039211715e-05,0.00501925323276016,"Aqp9","64008","aquaporin 9","Pine"
"146","ENSMUSG00000099094",8.40875207600213,1.87464430430732,0.630860083140606,2.97156906009142,0.00296282231137294,0.0669656079663875,NA,NA,NA,"Pine"
"147","ENSMUSG00000032611",31.5729401112508,-1.26082630514956,0.36835812441318,-3.42282746487033,0.000619734003555224,0.0250590465877121,"1700102P08Rik","112418","RIKEN cDNA 1700102P08 gene","Pine"
"148","ENSMUSG00000111720",9.47691901887979,2.59124795885466,0.760317024009153,3.40811513753961,0.000654132874591487,0.025936932385203,"Gm39459","105243572","predicted gene, 39459","Pine"
"149","ENSMUSG00000111434",58.799204534753,-1.59798951498648,0.521049564399892,-3.06686661724193,0.00216315358997966,0.0548858048868227,NA,NA,NA,"Pine"
"150","ENSMUSG00000025804",287.754553163617,1.5867080992875,0.283747955876471,5.59196310114838,2.24516540612662e-08,1.03266382854794e-05,"Ccr1","12768","chemokine (C-C motif) receptor 1","Pine"
"151","ENSMUSG00000049103",1141.61421718275,1.30511472234141,0.241704857909602,5.39962139622997,6.67816816721599e-08,2.67097691174869e-05,"Ccr2","12772","chemokine (C-C motif) receptor 2","Pine"
"152","ENSMUSG00000058755",30.3075362867604,1.22699378468133,0.32963251187406,3.72230814765663,0.000197409895161443,0.0116252663544261,"Osm","18413","oncostatin M","Pine"
"153","ENSMUSG00000041046",103.989335945023,1.2578409558605,0.342480988218521,3.67273220742382,0.000239970923287304,0.0128716765208158,"Ramp3","56089","receptor (calcitonin) activity modifying protein 3","Pine"
"154","ENSMUSG00000044707",89.3130102470768,-1.14082743547611,0.285820820790389,-3.99140773692183,6.56822414574561e-05,0.00541893218983981,"Ccnjl","380694","cyclin J-like","Pine"
"155","ENSMUSG00000020374",11.584412232028,2.04567987592036,0.66239142150245,3.08832483258962,0.00201288319584492,0.0526785562406186,"Rasgef1c","74563","RasGEF domain family, member 1C","Pine"
"156","ENSMUSG00000032691",106.375165962868,1.13265218062594,0.221395217678076,5.11597401472732,3.12126032473099e-07,8.3224561528117e-05,"Nlrp3","216799","NLR family, pyrin domain containing 3","Pine"
"157","ENSMUSG00000060180",28.2182368249799,-1.11887799935936,0.366592189597684,-3.0521053942455,0.00227242296816956,0.0561181715011859,"Myh13","544791","myosin, heavy polypeptide 13, skeletal muscle","Pine"
"158","ENSMUSG00000038224",12.9786762809701,-1.37300426365456,0.492642822131049,-2.78701769715286,0.00531955738366447,0.0985591306592739,"Serpinf2","18816","serine (or cysteine) peptidase inhibitor, clade F, member 2","Pine"
"159","ENSMUSG00000078763",13.5643602681937,2.34660736731222,0.65722349253057,3.57048613444547,0.000356319316558779,0.0170274358079179,"Slfn1","20555","schlafen 1","Pine"
"160","ENSMUSG00000000204",147.31229050031,2.87901635079211,0.339408098862363,8.48246214643102,2.20477845197337e-17,4.0563513959406e-13,"Slfn4","20558","schlafen 4","Pine"
"161","ENSMUSG00000069792",131.666252175188,1.33341914553213,0.348205070230365,3.82940760928602,0.000128452096375505,0.00838036052878206,"Wfdc17","100034251","WAP four-disulfide core domain 17","Pine"
"162","ENSMUSG00000051748",49.4718000800092,1.57847305081974,0.492609573201668,3.20430851670341,0.00135387314350907,0.0422178950750507,"Wfdc21","66107","WAP four-disulfide core domain 21","Pine"
"163","ENSMUSG00000003949",685.184921964344,1.5437620745907,0.282383339502525,5.46690211012572,4.57968795579141e-08,1.95946741885233e-05,"Hlf","217082","hepatic leukemia factor","Pine"
"164","ENSMUSG00000046719",241.110351885377,-1.10709537342371,0.227419831323234,-4.86806874748836,1.1269412956639e-06,0.000232960291658701,"Nxph3","104079","neurexophilin 3","Pine"
"165","ENSMUSG00000054146",18.6877482175438,1.81083800282087,0.433218458054094,4.1799650249315,2.91553933889212e-05,0.00276495323489367,"Krt15","16665","keratin 15","Pine"
"166","ENSMUSG00000040528",83.0814965052191,1.13864824777297,0.238341101879709,4.77738937511351,1.77585690767902e-06,0.000336826962757512,"Milr1","380732","mast cell immunoglobulin like receptor 1","Pine"
"167","ENSMUSG00000063193",146.968658846921,1.37063887421351,0.299832172937883,4.57135357017697,4.84583852469239e-06,0.0006961145218013,"Cd300lb","217304","CD300 molecule like family member B","Pine"
"168","ENSMUSG00000020732",39.4918437172912,1.08327802547204,0.328772982763527,3.29491193700425,0.000984525275786038,0.0345673588242586,"Rab37","58222","RAB37, member RAS oncogene family","Pine"
"169","ENSMUSG00000047798",471.389188952734,1.55068399476997,0.298032032891676,5.20307827223924,1.96014261789192e-07,5.81656514257671e-05,"Cd300lf","246746","CD300 molecule like family member F","Pine"
"170","ENSMUSG00000036006",632.411916159081,1.02278630509288,0.157551395404124,6.49176290993427,8.48376986995631e-11,1.20064921590351e-07,"Ripor2","193385","RHO family interacting cell polarization regulator 2","Pine"
"171","ENSMUSG00000049115",336.768358609985,1.00079867189908,0.2702985406808,3.70256779551371,0.000213428301881849,0.0120018603061783,"Agtr1a","11607","angiotensin II receptor, type 1a","Pine"
"172","ENSMUSG00000113424",31.4488714267754,1.31944427661653,0.338601663947123,3.89674480992089,9.74942527412204e-05,0.00703411475267833,NA,NA,NA,"Pine"
"173","ENSMUSG00000039109",721.886457813958,1.51370677865283,0.310084595468903,4.8815929613138,1.05232294620192e-06,0.000222536063956585,"F13a1","74145","coagulation factor XIII, A1 subunit","Pine"
"174","ENSMUSG00000078915",17.6794797668265,2.05634954287708,0.65503639152325,3.13929053330175,0.00169357445056272,0.0485644386583194,NA,NA,NA,"Pine"
"175","ENSMUSG00000056749",198.352597050641,-1.03997915656673,0.341717614707624,-3.04338761540443,0.00233930800519338,0.0573083737410756,"Nfil3","18030","nuclear factor, interleukin 3, regulated","Pine"
"176","ENSMUSG00000034987",31.5663352558077,1.53897749557791,0.408558009836817,3.76685185095893,0.000165319035165725,0.0101047827540831,"Hrh2","15466","histamine receptor H2","Pine"
"177","ENSMUSG00000114501",229.819394853817,-1.21962841858309,0.253991037945049,-4.80185611449392,1.5720163760174e-06,0.000307680396659235,NA,NA,NA,"Pine"
"178","ENSMUSG00000021614",278.447773570777,1.06960633558862,0.332060294649231,3.22112084107644,0.00127690296062697,0.0407148365157973,"Vcan","13003","versican","Pine"
"179","ENSMUSG00000021624",107.254089330796,1.27685212938906,0.279206815892057,4.57314097189766,4.80466636410913e-06,0.000696033478479369,"Cd180","17079","CD180 antigen","Pine"
"180","ENSMUSG00000020627",291.003245115444,1.4990454343993,0.314830527597509,4.76143608384677,1.92220179462191e-06,0.000360863965484223,"Klhl29","208439","kelch-like 29","Pine"
"181","ENSMUSG00000112033",11.5869858892366,-2.48497108179729,0.699483125512122,-3.55258188677237,0.000381470267753103,0.0179038009850041,NA,NA,NA,"Pine"
"182","ENSMUSG00000052392",10.9790500818571,1.8916734208959,0.597613414247882,3.16537978531931,0.0015488064712226,0.0460092059379936,"Acot4","171282","acyl-CoA thioesterase 4","Pine"
"183","ENSMUSG00000021250",441.530459385401,1.49784216485482,0.504679913618677,2.96790524931917,0.00299836742571202,0.0675201516502445,"Fos","14281","FBJ osteosarcoma oncogene","Pine"
"184","ENSMUSG00000076613",12.5685526930606,1.63149387689269,0.5766556723161,2.82923407367156,0.00466595586738385,0.0905530127089959,NA,NA,NA,"Pine"
"185","ENSMUSG00000104213",570.53738615028,1.10332645475455,0.252267138262413,4.37364320360604,1.22190026512891e-05,0.00140503256736511,NA,NA,NA,"Pine"
"186","ENSMUSG00000076618",9.90433061912545,2.02030072512537,0.604738101835358,3.34078623290617,0.000835415180879241,0.030925489935244,NA,NA,NA,"Pine"
"187","ENSMUSG00000096459",8.85036322201054,1.77319568385168,0.598455812429374,2.96295172847191,0.00304704349112034,0.0680333812495535,NA,NA,NA,"Pine"
"188","ENSMUSG00000022584",126.62905322527,1.14213640947519,0.35030340465579,3.26042052202564,0.00111247140394111,0.0375377238221983,"Ly6c2","100041546","lymphocyte antigen 6 complex, locus C2","Pine"
"189","ENSMUSG00000022582",7.92887750285208,3.78430581082601,1.03935911377012,3.64099930494572,0.000271581869705277,0.013832802077551,"Ly6g","546644","lymphocyte antigen 6 complex, locus G","Pine"
"190","ENSMUSG00000115946",19.3172686175481,2.02604396218878,0.551946036451636,3.67072834731065,0.000241860286365763,0.0128859131843945,NA,NA,NA,"Pine"
"191","ENSMUSG00000033220",788.400591061407,1.14050713631134,0.186774264898922,6.10633984788298,1.01941826102506e-09,8.93107484111387e-07,"Rac2","19354","Rac family small GTPase 2","Pine"
"192","ENSMUSG00000058057",19.2705439806511,1.48560832718709,0.395928334985421,3.75221522663133,0.000175278883554469,0.0106428412529212,"Mettl7a3","668178","methyltransferase like 7A3","Pine"
"193","ENSMUSG00000098112",398.908870116013,1.17878702993374,0.19819400950533,5.94764207493382,2.7203262246243e-09,2.00194247522552e-06,"Bin2","668218","bridging integrator 2","Pine"
"194","ENSMUSG00000061527",11.5910181878329,2.49829127536721,0.589022033136368,4.24142245081148,2.22107633049472e-05,0.00222083490915444,"Krt5","110308","keratin 5","Pine"
"195","ENSMUSG00000023045",25.4224210292634,2.26603510462679,0.512265940206895,4.42355215674027,9.70911786268718e-06,0.00118296920819681,"Soat2","223920","sterol O-acyltransferase 2","Pine"
"196","ENSMUSG00000022534",51.6534442864451,1.77484657246533,0.382519169452954,4.63988922438466,3.485959891403e-06,0.00057779000073903,"Mefv","54483","Mediterranean fever","Pine"
"197","ENSMUSG00000059305",15.8318186930606,-1.65494131446908,0.515235949299912,-3.21200668687378,0.00131811307262598,0.0415963024188213,"Vpreb1","22362","pre-B lymphocyte gene 1","Pine"
"198","ENSMUSG00000059657",24.7806740090089,2.75513524075491,0.491428329646569,5.60638260870384,2.06598987117229e-08,9.74617478200711e-06,"Stfa2","20862","stefin A2","Pine"
"199","ENSMUSG00000079597",26.8191989775877,2.72334564422681,0.476379370046909,5.71675814584212,1.0857547681938e-08,6.05324734097862e-06,"Cstdc4","433016","cystatin domain containing 4","Pine"
"200","ENSMUSG00000071561",7.84385419419369,2.86582550531716,0.755122175706479,3.79518122697952,0.000147535647575548,0.00921971690585185,"Cstdc5","100034684","cystatin domain containing 5","Pine"
"201","ENSMUSG00000022651",195.259218555705,3.24403593441015,0.653347639318557,4.96525240038165,6.86117779842689e-07,0.000159787277386655,"Retnlg","245195","resistin like gamma","Pine"
"202","ENSMUSG00000003665",127.350882989072,-1.18949590809921,0.351717402089417,-3.38196489861713,0.000719693401415812,0.0277034209170869,"Has1","15116","hyaluronan synthase 1","Pine"
"203","ENSMUSG00000023903",46.9985098620131,1.0618222475528,0.36040609235523,2.94618284783663,0.00321722156477363,0.0705487989853459,"Mmp25","240047","matrix metallopeptidase 25","Pine"
"204","ENSMUSG00000117294",54.6379501561107,-2.51826655478145,0.548792567895757,-4.58874026745165,4.4592884915939e-06,0.000658907210985547,NA,NA,NA,"Pine"
"205","ENSMUSG00000091971",419.106335340206,-2.27222474276678,0.758103097044441,-2.99725031018252,0.00272426925112203,0.0630454159523814,"Hspa1a","193740","heat shock protein 1A","Pine"
"206","ENSMUSG00000005824",65.8975833917426,1.66654129414166,0.427973891898091,3.89402560691366,9.85942351168239e-05,0.00708569038155986,"Tnfsf14","50930","tumor necrosis factor (ligand) superfamily, member 14","Pine"
"207","ENSMUSG00000093508",31.7490722417546,-1.25175990775608,0.408907907762849,-3.06122695108662,0.00220431942093872,0.0552521372022216,"Mir5709","100885844","microRNA 5709","Pine"
"208","ENSMUSG00000032796",14.7348802330183,-1.54697652749218,0.494056807160177,-3.13117136546333,0.00174110531566365,0.0495098231801851,"Lama1","16772","laminin, alpha 1","Pine"
"209","ENSMUSG00000024053",510.999787298721,1.46220280774497,0.314307610898932,4.65213935979157,3.28508937450562e-06,0.000554523008698944,"Emilin2","246707","elastin microfibril interfacer 2","Pine"
"210","ENSMUSG00000000673",95.7814578714827,1.17798747595939,0.22598364334872,5.21271123212051,1.86100470313567e-07,5.61291221775247e-05,"Haao","107766","3-hydroxyanthranilate 3,4-dioxygenase","Pine"
"211","ENSMUSG00000024481",72.9736571081683,-1.26158079543637,0.327188027684329,-3.85582811316538,0.00011533851270522,0.00777288628846386,"Lvrn","74574","laeverin","Pine"
"212","ENSMUSG00000024529",3359.80159235886,1.02183000905645,0.32147764203358,3.17854144565896,0.00148018054895097,0.0445701501466447,"Lox","16948","lysyl oxidase","Pine"
"213","ENSMUSG00000045094",157.744672234193,1.15839662867731,0.324677026839158,3.56784291132237,0.00035993217293848,0.0171555236210419,"Arhgef37","328967","Rho guanine nucleotide exchange factor (GEF) 37","Pine"
"214","ENSMUSG00000065592",21.8012922063119,1.72515892061682,0.443759451775337,3.88759926963813,0.000101240587639165,0.00716393973609755,"Mir145a","387163","microRNA 145a","Pine"
"215","ENSMUSG00000097324",196.763273466424,1.42119675193384,0.25009438601583,5.68264156015036,1.32630051817442e-08,6.97179340953515e-06,NA,NA,NA,"Pine"
"216","ENSMUSG00000046318",424.951612216451,1.12457330680327,0.28473941135661,3.94948244588047,7.83203540939985e-05,0.00602902876410621,"Ccbe1","320924","collagen and calcium binding EGF domains 1","Pine"
"217","ENSMUSG00000102349",54.1791345367595,-1.34440527213112,0.432787032508647,-3.10638991269745,0.00189386811343754,0.0512402728691526,NA,NA,NA,"Pine"
"218","ENSMUSG00000024669",66.1714375443884,1.10017967242175,0.248451596441268,4.42814491104234,9.50470376446516e-06,0.00116578359905753,"Cd5","12507","CD5 antigen","Pine"
"219","ENSMUSG00000024670",63.3874268533704,1.23129016341478,0.244633445883258,5.03320451121947,4.82348066605838e-07,0.000118323196392189,"Cd6","12511","CD6 antigen","Pine"
"220","ENSMUSG00000024675",189.452968195102,1.15044189315293,0.255198060755002,4.50803540492963,6.54306595418554e-06,0.000828745957079709,"Ms4a4c","64380","membrane-spanning 4-domains, subfamily A, member 4C","Pine"
"221","ENSMUSG00000099757",104.725370911626,1.00852103891554,0.237141192441515,4.25282941581002,2.11086372574033e-05,0.00215753726812059,NA,NA,NA,"Pine"
"222","ENSMUSG00000058470",67.6107421172809,1.35415619185607,0.294582368378813,4.59686775996966,4.2888963308961e-06,0.000646779628654315,"Gm8369","666926","predicted gene 8369","Pine"
"223","ENSMUSG00000048572",1755.75810427178,-1.53010586550636,0.20336809896587,-7.5238244015997,5.31967805445087e-14,1.63119061409645e-10,"Tmem252","226040","transmembrane protein 252","Pine"
"224","ENSMUSG00000097636",110.343782831198,1.61643219571395,0.2872085531694,5.62807819570943,1.82228481455971e-08,8.82273579428145e-06,NA,NA,NA,"Pine"
"225","ENSMUSG00000097779",20.8944459839843,1.15713514835103,0.38412296796494,3.01240812149676,0.00259183881761115,0.06105589061,NA,NA,NA,"Pine"
"226","ENSMUSG00000101111",18.5999775631298,-1.8824743538263,0.552243038122303,-3.40877878737404,0.000652543710503983,0.089204219600804,NA,NA,NA,"River"
"227","ENSMUSG00000100862",35.4913652684394,-1.45180886780032,0.385974286363989,-3.76141343890253,0.000168955892675211,0.0494906592255825,NA,NA,NA,"River"
"228","ENSMUSG00000101249",16.7931923667244,-1.62655831096525,0.471643013064561,-3.44870647059199,0.000563278650171966,0.0820097078640616,NA,NA,NA,"River"
"229","ENSMUSG00000026077",160.069339197583,-1.91539676716154,0.307348682992122,-6.23199926713412,4.60519632046297e-10,2.74899519022836e-06,"Npas2","18143","neuronal PAS domain protein 2","River"
"230","ENSMUSG00000055866",1995.98105341331,1.11561181059436,0.233288686368362,4.78210850239354,1.73465999156e-06,0.00182731124287391,"Per2","18627","period circadian clock 2","River"
"231","ENSMUSG00000087684",48.4946067171873,-1.44327371420125,0.416344337245759,-3.46653859579052,0.000527206038622484,0.0820097078640616,NA,NA,NA,"River"
"232","ENSMUSG00000028957",2745.15310539998,1.11451037288585,0.239651249037891,4.65055107102587,3.31049250480335e-06,0.00312022630400096,"Per3","18628","period circadian clock 3","River"
"233","ENSMUSG00000058498",38.0155634214738,-2.02591852970246,0.605161871811241,-3.34772996130592,0.000814763594486774,0.09895082154704,"Rnf207","433809","ring finger protein 207","River"
"234","ENSMUSG00000037379",359.26967062227,-1.59585852381756,0.298384892267627,-5.34832213417228,8.87733581992679e-08,0.000227107614090356,"Spon2","100689","spondin 2, extracellular matrix protein","River"
"235","ENSMUSG00000029417",23.9623405447976,1.73529948789521,0.504746229528232,3.43796424099518,0.00058610509224819,0.0842416209676473,"Cxcl9","17329","chemokine (C-X-C motif) ligand 9","River"
"236","ENSMUSG00000034855",32.0792243277973,1.87713665984979,0.434332944512069,4.32188412960146,1.54702430739862e-05,0.0115052965250251,"Cxcl10","15945","chemokine (C-X-C motif) ligand 10","River"
"237","ENSMUSG00000105434",74.8006583679677,-1.21678849183711,0.330062360365366,-3.68654120539576,0.000227322648607152,0.0528687531332061,NA,NA,NA,"River"
"238","ENSMUSG00000025537",55.2013018446524,-1.86528365413816,0.473240812342521,-3.94151054915381,8.09700732100883e-05,0.0337212109545642,"Phkg1","18682","phosphorylase kinase gamma 1","River"
"239","ENSMUSG00000004951",3869.6602403358,2.08590240424328,0.519678311714992,4.01383386071969,5.97404031760978e-05,0.0289143551372314,"Hspb1","15507","heat shock protein 1","River"
"240","ENSMUSG00000030256",496.926472446872,1.2512063778637,0.187375882030038,6.67752095044506,2.43017879424841e-11,4.35196418474005e-07,"Bhlhe41","79362","basic helix-loop-helix family, member e41","River"
"241","ENSMUSG00000030376",23.3031376513919,-1.78891570882686,0.483715606578205,-3.69827990765403,0.000217065448873849,0.0518294407791053,"Slc8a2","110891","solute carrier family 8 (sodium/calcium exchanger), member 2","River"
"242","ENSMUSG00000040498",58.4491005841962,-1.1241185434081,0.324125765699852,-3.46815545805471,0.000524044038360786,0.0820097078640616,"Igsf23","70080","immunoglobulin superfamily, member 23","River"
"243","ENSMUSG00000030854",34.6849988917045,-1.53181183099927,0.447365127272731,-3.42407518515725,0.000616895510633117,0.0850931508599863,"Ptpn5","19259","protein tyrosine phosphatase, non-receptor type 5","River"
"244","ENSMUSG00000038663",179.158657430826,-1.277873976537,0.366558361385237,-3.48614057447189,0.000490043417637329,0.0783544421700829,"Fsd2","244091","fibronectin type III and SPRY domain containing 2","River"
"245","ENSMUSG00000055116",374.969627580669,-1.53234021758293,0.315626060269166,-4.85492299424246,1.20433534400092e-06,0.00148021251567855,"Arntl","11865","aryl hydrocarbon receptor nuclear translocator-like","River"
"246","ENSMUSG00000084899",49.2473047345302,-1.10658611215638,0.298884731967682,-3.70238420969604,0.000213582846353705,0.0516870488175965,NA,NA,NA,"River"
"247","ENSMUSG00000110489",14.3170280894761,-3.10096086018833,0.840224905725234,-3.69063192373684,0.00022369763558142,0.0527102270788431,NA,NA,NA,"River"
"248","ENSMUSG00000115801",73.2500907739161,2.22156334236635,0.428059584377918,5.18984604817309,2.10468020269985e-07,0.000376906130699489,NA,NA,NA,"River"
"249","ENSMUSG00000032268",17.1636583772736,-1.79744260103722,0.462139069663629,-3.88939762731055,0.000100493348803566,0.0382901040505161,"Tmprss5","80893","transmembrane protease, serine 5 (spinesin)","River"
"250","ENSMUSG00000049103",1141.61421718275,1.04098234578944,0.241865171264319,4.30397787473011,1.67758424568867e-05,0.0115052965250251,"Ccr2","12772","chemokine (C-C motif) receptor 2","River"
"251","ENSMUSG00000079227",192.673586801983,1.01035897690981,0.194007370242355,5.20783811278747,1.91053494059142e-07,0.000376906130699489,"Ccr5","12774","chemokine (C-C motif) receptor 5","River"
"252","ENSMUSG00000078922",43.2741294354264,1.14931707087095,0.329302144026019,3.49015969595429,0.00048273198599566,0.0783544421700829,"Tgtp1","21822","T cell specific GTPase 1","River"
"253","ENSMUSG00000020884",64.7196182169051,-1.1051614487488,0.303859304475054,-3.63708279612526,0.000275743315318615,0.0594941119364548,"Asgr1","11889","asialoglycoprotein receptor 1","River"
"254","ENSMUSG00000035385",29.3303000722728,1.42304466130838,0.41210189261825,3.45313789331857,0.000554105675833193,0.0820097078640616,"Ccl2","20296","chemokine (C-C motif) ligand 2","River"
"255","ENSMUSG00000035373",34.7914283866786,2.10691338759442,0.588593310437984,3.57957413078076,0.000344154611855403,0.0672626378954174,"Ccl7","20306","chemokine (C-C motif) ligand 7","River"
"256","ENSMUSG00000003949",685.184921964344,1.48817708503791,0.282435697677829,5.26908282937895,1.37107090461614e-07,0.000306914221998324,"Hlf","217082","hepatic leukemia factor","River"
"257","ENSMUSG00000078915",17.6794797668265,2.41960090801066,0.650376431980749,3.72030840761198,0.000198979643971518,0.0494906592255825,NA,NA,NA,"River"
"258","ENSMUSG00000114501",229.819394853817,-1.24511863746671,0.254265310520686,-4.89692689465563,9.73470328663919e-07,0.00134099281890104,NA,NA,NA,"River"
"259","ENSMUSG00000021624",107.254089330796,1.01148277623488,0.28068609906787,3.60360837103766,0.000313829809428332,0.0631467890701413,"Cd180","17079","CD180 antigen","River"
"260","ENSMUSG00000021700",270.029433446991,1.2905527974422,0.266807596674966,4.83701668740113,1.31802366709265e-06,0.00148021251567855,"Rab3c","67295","RAB3C, member RAS oncogene family","River"
"261","ENSMUSG00000064620",65.1552833737739,-1.46151157751634,0.358483212370947,-4.07693171418029,4.56338872332172e-05,0.0240356368403663,"LOC115488066","115488066","small nucleolar RNA SNORA32","River"
"262","ENSMUSG00000023828",101.025742710837,-1.51667055827522,0.271103777527595,-5.59442797922961,2.21350327932146e-08,9.90985418152216e-05,"Slc22a3","20519","solute carrier family 22 (organic cation transporter), member 3","River"
"263","ENSMUSG00000117294",54.6379501561107,-1.91738471394121,0.53483536778108,-3.58499985125524,0.000337078397321698,0.0670711104359663,NA,NA,NA,"River"
"264","ENSMUSG00000024076",45.1144397832214,-1.02788477588028,0.296225465425975,-3.46994062243154,0.000520573434029713,0.0820097078640616,"Vit","74199","vitrin","River"
"265","ENSMUSG00000048572",1755.75810427178,-1.29901885836902,0.203118968376474,-6.39535966902577,1.60169883818365e-10,1.43416113970964e-06,"Tmem252","226040","transmembrane protein 252","River"
"266","ENSMUSG00000087579",15.1753308243966,-1.88630489818159,0.549067906742388,-3.43546740761632,0.000591532611590899,0.0842416209676473,"Hectd2os","668215","Hectd2, opposite strand","River"
